id;ident;name;email;cost_hour;password_hash;tipo_user;is_active;online;photo;photo_content_type;upload;description
1;EXE projection Fresh;support Gorgeous;Luz81@gmail.com;35256;ability Hat Iraq;48482;false;true;../fake-data/blob/hipster.png;image/png;encompassing;../fake-data/blob/hipster.txt
2;Directives;sky blue;Maynard.Jacobson@yahoo.com;97178;Functionality;25178;true;false;../fake-data/blob/hipster.png;image/png;capability zero tolerance Computers;../fake-data/blob/hipster.txt
3;Analyst paradigms;encompassing;Lorenza.Ferry53@hotmail.com;48945;Designer Persistent;67213;false;true;../fake-data/blob/hipster.png;image/png;Ergonomic transmitter;../fake-data/blob/hipster.txt
4;Point Orchestrator;Solomon Islands Licensed;Camille.Hammes@hotmail.com;69581;HDD;32595;true;false;../fake-data/blob/hipster.png;image/png;firewall;../fake-data/blob/hipster.txt
5;Future-proofed deposit Sausages;disintermediate Cambridgeshire hacking;Evan20@hotmail.com;92469;SMS Enhanced;65998;false;true;../fake-data/blob/hipster.png;image/png;Macao Equatorial Guinea Vision-oriented;../fake-data/blob/hipster.txt
6;Agent;Human deposit;Duncan_Heidenreich84@yahoo.com;89711;AI optical invoice;8413;true;false;../fake-data/blob/hipster.png;image/png;Dynamic Home Loan Account Tools;../fake-data/blob/hipster.txt
7;Branding;Home Gloves Latvia;Isaias.OHara17@hotmail.com;71217;Networked;32539;false;true;../fake-data/blob/hipster.png;image/png;payment calculating;../fake-data/blob/hipster.txt
8;local area network Benin;turn-key dedicated;Lamar.Wiza48@gmail.com;89204;withdrawal cross-platform Borders;57690;true;false;../fake-data/blob/hipster.png;image/png;white sensor local;../fake-data/blob/hipster.txt
9;calculate;Chips;Janet91@hotmail.com;88349;back up Factors;33075;false;true;../fake-data/blob/hipster.png;image/png;Wisconsin Facilitator Incredible;../fake-data/blob/hipster.txt
10;reinvent;eco-centric Bedfordshire mesh;Tremayne_Sporer57@yahoo.com;7041;orchid;67114;true;false;../fake-data/blob/hipster.png;image/png;Open-architected;../fake-data/blob/hipster.txt
