id;ident;name;description;begin_date;end_date;active
1;Cloned architect;Auto Loan Account;../fake-data/blob/hipster.txt;2019-10-13;2019-10-13;true
2;Paradigm deposit systems;Buckinghamshire Computer;../fake-data/blob/hipster.txt;2019-10-13;2019-10-13;true
3;navigate hard drive Intranet;Towels;../fake-data/blob/hipster.txt;2019-10-13;2019-10-13;false
4;Clothing;Tennessee;../fake-data/blob/hipster.txt;2019-10-13;2019-10-13;true
5;Paradigm solid state;systematic;../fake-data/blob/hipster.txt;2019-10-13;2019-10-13;true
6;indexing turquoise;vortals Applications panel;../fake-data/blob/hipster.txt;2019-10-13;2019-10-14;false
7;Central District 1080p;bypass;../fake-data/blob/hipster.txt;2019-10-13;2019-10-13;true
8;Cotton;Dynamic Ville Movies;../fake-data/blob/hipster.txt;2019-10-13;2019-10-14;false
9;Computers;Extended;../fake-data/blob/hipster.txt;2019-10-13;2019-10-13;false
10;explicit index Summit;actuating Shoes TCP;../fake-data/blob/hipster.txt;2019-10-14;2019-10-14;true
